{"cameraMode":{"drawMode":0,"name":"Shaded","section":"Shading Mode"},"sceneLighting":false,"audioPlay":false,"sceneViewState":{"m_AlwaysRefresh":true,"showFog":true,"showSkybox":false,"showFlares":true,"showImageEffects":true,"showParticleSystems":true,"showVisualEffectGraphs":true,"m_FxEnabled":true},"in2DMode":false,"pivot":{"x":3.925354242324829,"y":0.913561224937439,"z":11.50158405303955},"rotation":{"x":-0.13337920606136323,"y":0.021402617916464807,"z":-0.0028814987745136024,"w":-0.9908306002616882},"size":7.124466419219971,"orthographic":false}